developer_id;brand_id;brand_name_th;brand_name_en
128;379;เอสต้า บลิซ;
176;1496;บริษัท ชัยยุทธ เรียล เอสเตท จำกัด;
226;1819;"อะพูล คอนโด แอท บางนา ";
143;1567;คาซ่า ฟรานซ์ เอแบค-บางนา;
250;436;เลอ นีโอ;
3588;442;;Chateau In Town
9339;1468;บริษัท คีย์ สตาร์ พร็อพเพอร์ตี้;
9234;1602;พาร์ค วิลเลจ อ่อนนุช-สุวรรณภูมิ;
3647;701;เชียงใหม่พฤกษาโฮม;
6248;1346;รื่นฤดี 4 (รังสิต-คลอง 4);
15650;1768;เดอะ มาร์ค รัชดา-แอร์พอร์ตลิงค์;
6559;846;เอสเคป;
1205;465;;Symphony
480;1806;คลาส หลังสวน;
1145;823;เดอะ รอยัล เรสซิเดนซ์;
6168;1894;\tมณีรินทร์ ไพรเวซี่ ศรีราชา;
2761;1477;;Zennext
2486;641;ทาวน์พลัส เกษตร;
20371;998;เบญญาภา คาซ่า;
8466;1000;ปรีชา ร่มเกล้า;
3047;722;โชติกา โนเวลตี้;
17026;770;อารียา ทูบี;
16789;1724;ยูทรี คอนโด แอท แยกเกษตร;
19226;421;;Ashton
16549;1939;นนท์ณิชา บางใหญ่-แก้วอินทร์;
4149;817;;The Tuscana
19690;272;ริธึ่ม;
13231;1565;เดอะ รีเจ้นท์ บาย โบ๊ทเฮ้าส์;
18524;271;;The Address
19839;1822;สไตล์ลิสท์ เชียงใหม่;
5484;1817;ซันไรซ่า;
12470;590;ดรีมวิลล์ 3;
9437;2300;เอเรสมา วิลล่า;
1000;564;บุณณดา;
14404;929;ลิฟวิ่ง เรสซิเดนซ์;
3008;1281;แผ่นดินทอง ลิฟวิ่งโฮม;
2589;362;" โกลเด้น นีโอ";
16546;419;;Suvarnabhumi Town
13380;718;กุลพันธ์วิลล์;
9381;1191;บ้านราชพฤกษ์ สุวรรณภูมิ-ลาดกระบัง;
16024;888;นีโอ เดอ สยาม;
7340;1393;S Beach Pattaya;
246;1769;โมเสค;
16792;1522;เดอะ คลาสซี่ รัชดาภิเษก 19;
9279;1304;บ้านเพลิน;
19727;2286;โมเบียส คอนโด;
14616;1615;เดอะ โคสต์ แบงค็อก;
17059;968;เพอร์เฟค เพลส เมืองเชียงใหม่;
19845;720;บ้านธาราคีรี;
12623;1177;วีน่า ทาวน์;
20250;794;ดิ แอลเลแกนซ์ เพชรเกษม 81;
683;403;;THE STAR ESTATE
4709;464;;Vina Town
3348;1205;เศรณีทาวน์ วิภาวดี;
3233;639;อิมพีเรียล พาร์ค;
20551;1633;บียอนด์ สุขุมวิท;
13323;814;ลิฟวิ่งนารา;
5489;1525;บริษัท ซำ ซำ พร็อพเพอร์ตี้ จำกัด;
6996;1389;;Riviera Group
2141;610;เดอะ คอนเนค;
16551;329;;The Front Ladprao-Ratchada
5417;1871;เดอะไนน์ รังสิต-คลอง 9;
12297;346;;THANASIO
20340;1793;เซ็นทริโอ้ ลาดพร้าว 48;
7027;624;;ALIVE
3544;1006;เดอะ ไทม์ พาวิลเลี่ยน;
7707;1306;บุราพันธ์ การ์เด้นท์วิลล์;
6140;1144;;FEEL
8106;2111;พรอมท์ คอนโด;
2840;315;;Promenade Home
4159;138;โนโว วิลล์;
3056;820;มิลตัน เรสซิเดนซ์ รามอินทรา;
2847;406;;Zen City
2997;1189;บ้าน ณ ชื่น;
6332;570;;Viranya
12093;1050;การเคหะแห่งชาติ;
8980;384;บ้านกรุงกวี;
1032;338;สัมมากร ชัยพฤกษ์-วงแหวน ราชพฤกษ์ 345;
3902;483;;"Issara Residence "
19814;1348;;Diya Valley Saraphi
7959;499;;Areeya Como
20189;1068;อินซิโอ้;
15572;875;;Whizdom
4409;407;;Seahill Condo
8502;800;ทองสถิตย์;
19135;1398;ออริจินส์ บางมด-พระราม2;
7307;1759;ฮิว สุขุมวิท;
12741;1761;สกายวอล์ค คอนโดมิเนียม;
17956;1825;มายรีสอร์ท แอท ริเวอร์;
8528;1786;แอท ซิตี้ สุขุมวิท 101/1;
12122;1279;เอชเคป มิเนอร์ร่า;
6952;943;สิริกานต์;
15720;1058;นิราวิลล์;
16133;779;;Pleno
20607;1416;เวเนเชี่ยน ซิกเนเจอร์ คอนโด รีสอร์ท พัทยา;
2976;1231;บ้านทรัพย์ธานี 3 รังสิต คลอง 9;
8018;883;โนเบิล คิวบ์;
19823;719;จีรัง เรสซิเดนท์;
9635;1951;แสนสุข ทาวน์ 2;
10799;1263;;The Maple @ Ratchada - Ladprao
9129;1292;;My Place
7360;396;ร่มรื่น กรีน พาร์ค;
818;5;;Perfect Place
6407;1311;ชิคโมเพลส 48;
6251;1159;เดอ โซน;
12971;364;ลุมพินี ซีวิว;
3467;1698;ดิ เอนเนอร์จี้ หัวหิน;
135611;594;เดอะ วิลโล่ ทาวน์โฮม;
16534;1705;มีสไตล์ @สุขุมวิท-บางนา;
13337;762;เนอวานา แอทเวิร์ค;
20331;852;บ้านมารวย;
135027;1858;วิจิตราธานี;
5441;753;โกลเด้น วิลเลจ;
3234;674;พาทาโกเนีย;
16817;1677;เดอะ ริทซ์-คาร์ลตัน เรสซิเดนเซส บางกอก;
15159;862;บ้านชิชากร;
16605;933;นครทอง ลีฟวิ่ง;
9905;117;ชาโตว์ อินทาวน์;
2509;922;ดิ แอมเบียนซ์;
4915;667;วิลล่า;
4382;1022;บ้านคุณาภัทร;
1093;441;;Leticia Residence
20605;1601;บางนา เรสซิเด้นซ์;
10916;869;นลิน เรสซิเดนซ์;
20906;636;ภณาสิริ เรสซิเด้นซ์;
20405;772;เพลินจิต คอลลิน่า;
12222;1132;โมทีฟ;
17223;963;เวอรีเดียน ราชพฤกษ์;
9221;1720;เอส คอนโด;
6349;622;พรีเมี่ยม เพลส;
135162;1397;เดอะ เซ็นทรัล 2 อัสสัมชัญ-ศรีราชา;
15816;1152;เทมโป วัน;
2730;97;ชวนชื่น กรีนบาวด์;
20374;1049;รัตตนาวดี รีเจ้นท์;
322;1588;เดอะพาร์คแลนด์ รัชดา-วงศ์สว่าง;
19214;443;บ้านชวนชมพาร์ค 2;
10579;420;;Rich Park Loft
16554;1887;แมนแฮตตัน พาร์ค เรสิเดนซ์เซส;
10641;854;เดอะ ลิฟวิ่ง นารายา;
3494;540;วิลล่า อะคาเดีย ศรีนครินทร์;
17032;646;บ้านพิศาล;
134919;366;เจ บิซ;
9403;1563;ดิ เออร์บาโน่;
5591;812;วิลล่า อะคาเดีย วัชรพล;
135897;657;บ้านสุภาพร 11;
16727;1078;เดอะ ล็อขสาม;
1365;1780;วิช ซิกเนเจอร์ มิดทาวน์ สยาม;
20251;394;วิสต้าวิลล์;
9477;1755;อมรวิลเลจ;
19605;228;คาซ่า แกรนด์;
17517;887;สินนคร วิลล์;
13464;1374;เดอะ มิดด์;
1887;69;คาซ่า เลเจ้นด์;
12960;1620;;Ornsirin 6
15661;923;บ้านสวัสดี;
5891;1456;บ้านบุญถาวร 5;
9997;747;;The Fouriage
12914;2297;วิลล่า ฟลอร่า เชียงใหม่;
3613;1725;ดิ ยูนีค เท็น ไนน์;
20236;1765;ฮิมมา เพรสทิจ ลิฟวิ่ง;
14366;1461;ทัวร์มาลีน (ไลท์) สาทร-ตากสิน;
9663;881;สาริน ซิตี้;
3989;1011;" บ้านทิพย์พิมาน";
135029;1061;คลัสเตอร์เฮาส์;
922;1079;เดอะ คริสตัล คอนโด;
14126;1642;เดอะเลค คอนโดมิเนียม;
134963;1059;บ้านหลังสวน;
9496;524;;The Lofts Asoke
20555;1635;;The Astra
19136;1007;พฤกษ์พิมาน 5;
19826;775;ศิวาลัย วิลเลจ 4;
15516;1549;ไดมอนด์ สุขุมวิท;
4126;1366;เฮ์าส์ 23 รัชดา-ลาดพร้าว;
8022;1614;ดิ แอสตัน @ หางดง;
16874;1593;15 สุขุมวิท เรสซิเดนซ์;
20865;1071;เดอะ ทีค;
18763;596;บ้าน ดี;
10933;1296;ชญยลวิว;
10781;1603;เดอะ แซงชัวรี หัวหิน;
18320;849;ล้านนา มนตรา;
4290;1192;ทรี คอนโด ลักซ์ สุขุมวิท 52;
14248;220;เดอะทรัสต์ คอนโด;
2129;1129;เซอร์เคิล;
13841;573;โมโน;
16555;957;เอ็มทาวน์;
15941;587;ไซมิส บลอสซั่ม แอท แฟชั่น;
7338;1012;;MAESTRO
3256;1233;โฟร์ซีซั่น ราชพฤกษ์ - รัตนาธิเบศร์;
134514;1754;ดิ เอซ เอกมัย;
3052;1166;ดิ เอสเคป;
21073;1988;เดอะเพรสทีจ เพลินใจ 4;
16813;1552;เดอะ วีวา คอนโด เพชรเกษม 68;
20608;688;เดอะลิฟวิ่ง ศรีราชา;
15606;1017;วิลลา อัลเบลโล่;
8054;554;เดอะ เวอรีเดียน โฮม - กาญจนาภิเษก;
20393;669;ภูมิใจนิเวศน์;
20516;1527;เขาใหญ่ ฟอเรสต้า;
1294;630;เรสท์ ทาวน์;
10190;1476;อิสสระ คอลเลคชัน สาทร;
2693;661;เดอะเชลเตอร์;
134969;671;;MAXIM GREEN VILLAGE
134744;546;กุลรดา ตลาดไท;
8861;12;บ้านนันทวัน;
9464;1054;แนช เรสซิเดนซ์;
15444;447;;Villa Lasalle
12733;1812;โว้ค เรสซิเด้นท์เชียล คอนโดมิเนียม สุขุมวิท 16;
3935;1469;เดอะ เพรสซิเดนท์ เพชรเกษม-บางแค;
20402;1092;อินเตอร์ ลักส์;
9720;1821;พาร์ค เอ็กซ์โซ เกษตร-นวมินทร์;
135264;1681;พรอมโต้ คอนโด รัชดา 32;
134816;1886;อาร์ท แอท ทองหล่อ 25;
16209;640;;Dream Ville
12848;749;มาลีรมย์;
13038;1685;สมาร์ทแลนด์ พาร์คฮิลล์;
19264;1137;ซัมเมอร์ การ์เด้นท์;
18537;637;บริติช พาร์ค;
14219;625;ดิเอ็กซ์คลูซีฟ พัฒนาการ;
10085;40;;Lalin Greenvile LUXE Home
17194;1543;โบทานิก้า เขาใหญ่;
20381;1028;;The Idol
10071;2275;สตาร์ เอวีนิว 5;
9777;650;เฮ้าส์ 35 แจ้งวัฒนะ;
12999;1013;"ลัดดาวิลล์ 4 ";
20426;685;ดิ เอสตีม;
5226;1182;เดอะ มาสเตอร์พีซ ซีนเนอรี่ ฮิลล์;
19552;1004;เดอะแกรนด์;
7043;1236;แกรนด์ ทาวน์;
20338;1312;เดอะแกรนด์ ทรัพย์ทวีประเสริฐ;
10041;321;ดิเอกเซล พาร์ค;
6337;808;บ้านนนทกร;
20428;707;เดอะ พรอมมิเน้นซ์;
6772;538;เค.ซี. เลควิว;
1583;1368;โดว์เช่ อุดมสุข;
21075;541;" เต็มสิริ วิลเลจ";
1451;758;วิลล่า การ์เด้น 3;
1831;1696;เดอะ แฮปปี้เนส;
4151;1637;แอท อีสต์ คอนโดมิเนียม;
2615;494;;SC Village ปลวกแดง-วังแขยง
306;2160;ดิ เอ็มเมอรัลด์ ซิตี้ไลฟ์ คอนโด ป่าตอง;
1281;1256;โครงการถาวรวิลล่า;
3012;871;ธนาพัฒน์ 360;
4236;1241;C Space;
3352;1644;เบ็ล แกรนด์ พระราม 9;
779;107;;The Niche
4672;1424;บ้านฟ้าใส;
16759;1119;กรีเน่ คอนโด;
16790;1161;เดอะ ลักซ์;
134782;1727;เดอ รูฟ;
16207;620;พนาสนธิ์ ไพรเวทโฮม;
1047;1663;พาร์ค 24;
3672;953;อีโค สเปซ;
21005;1688;พายน์ คอนโดมิเนียม;
19553;553;บ้านกรีน ลีฟ;
20558;1799;เดอะ เมเปิล รัชดา 19;
19841;1332;ริชชี่ ริช แลนด์ เชียงใหม่;
20864;1672;เมย์แฟร์ เพลส สุขุมวิท 50;
134683;1380;อากาศ เขาใหญ่;
20629;1551;เอ็กเซลเล้นซ์ สุขุมวิท;
16649;1287;;vario
19126;397;;The Inspire
134932;595;อาณา เอกมัย;
20391;599;เดอะ กรีนเนอร์รี่ 8;
20718;1899;เติมทรัพย์ ปาร์คฮิลล์ 2;
20525;1224;เค พาร์ค;
10831;1439;สิวารัตน์;
16630;1030;บ้านร็อคการ์เด้น;
20228;1773;เอช สุขุมวิท 43;
20526;1455;ซิลค์ เพลส พหลโยธิน - หลักสี่;
16590;827;" ธัญดา พาร์ควิว";
136245;1728;เลอ ครีก สุขุมวิท 64/2;
7002;539;อู่ทองเพลส 6;
9485;1199;บ้านบุญยกร รังสิตคลอง 6;
16774;1807;เอควา สุขุมวิท 49;
10461;58;Q.TWELVE;
1432;1430;ควอด สีลม;
1640;1760;แลนด์มาร์ค เรสซิเดนท์;
137040;778;;Le Parc
8333;617;ฮาบิเทีย ออร์บิต หทัยราษฎร์;
8708;876;ธนาภิรมย์ นวนคร;
6785;1446;ซิลค์ พหลโยธิน 9;
136415;555;ดีลักซ์ทาวน์;
6297;522;ศิมันตรา;
136286;556;C-Biz Home;
137312;1647;พิงค์ เดอะ เซ็นเตอร์พีซ คอนโดมิเนียม;
136697;970;นาราโฮม;
136802;1425;คลาส สารสิน-ราชดำริ;
4516;1176;กรีน พลัส มอลล์ 3;
4731;444;กาญจนาลักษณ์-เทพศิรินทร์ วงแหวน-ปิ่นเกล้า;
3548;867;ไพร์ม เกษตร;
5194;999;บ้านเติมรัก 5;
12861;412;101;
137690;332;แกรนด์ วัลเลย์ สุขุมวิท-เลี่ยงหนองมน;
136384;548;แกรนด์ คาแนล ดอนเมือง;
511;1736;เดอะ ชาร์ม เรสซิเดนท์;
136472;651;ดิ เอ็กซ์คูลซีฟ;
137856;313;โมดิซ สเตชั่น;
139918;1207;ดิ แอเรีย บ้านเพ;
139913;1523;บริษัท ซันวิว พร็อพเพอร์ตี้ จำกัด;
1638;809;สยามไฮวิลล์;
138169;2208;พาเซ็นโต้;
137812;1392;คุรุธานี ไพรเวซี่;
137060;445;;Thanya Village
137780;404;;HOF Home & Office
137992;1369;วี คอนโดมิเนียม;
1818;605;บ้านเปี่ยมสุข;
16739;793;เดอ ตะวัน;
19774;997;เอส คอนเซ็ปต์;
10427;549;แกรนด์วิลล์ ปทุมธานี-สายใน;
19421;566;สตอรี่ส์ อ่อนนุช-วงแหวน;
138986;781;;THE GREAT BANGYAI
4861;273;;"RHYTHM "
19870;398;;Navin Plus
18648;1753;ลาซานเทียร์ พอร์ชแลนด์ 5;
13097;547;บ้านมัณฑิกา;
137936;385;;Green Loft
16472;751;เวร่า บิสเน็ท;
140029;1390;ไดมอนด์ สวีท รีสอร์ท คอนโดมิเนียม เฟส 2;
136636;2118;ซีรีโน แอร์พอร์ต;
138136;1562;บ้านกลางใจ ระยอง;
137884;1158;ชลรชา ทาวน์;
138009;724;แกรนด์ ล้านนา;
138016;1794;ดิ เอส อโศก;
138999;860;ฟีล ทาวน์ ลาดพร้าว;
138180;2121;เดอะ ทูเก็ตเตอร์;
138163;1066;เดอะ เพนตัส;
137348;653;เดอะ โมเมนท์ รามอินทรา;
138186;1465;บริษัท คิวซี เอสเตท จำกัด;
5100;1421;คณาพญา เรสซิเดนซ์;
138178;1175;บ้านทรัพย์วิมาน;
138188;1202;ฮัมเบิล ลีฟวิ่ง แอด เฟื่องฟู;
136694;2289;เดอะ ปาล์มการ์เด้น โครงการ 6;
138998;562;เดอะแกลลอรี่เฮาส์ แพทเทิร์น;
140041;1841;;Victoria Garden Ville
139926;1251;มาสเตอร์เฮ้าส์;
138141;1534;เดอะ เรสซิเดนซ์ แอท แมนดาริน โอเรียนเต็ล กรุงเทพฯ;
138626;1926;พลัส หาดใหญ่ 30 เมตร;
138349;1576;บ้านกาญจน์สิริ;
138397;1088;บ้านสามพรานวิลล์;
139513;1198;เดคโค คอนโดมิเนียม;
140045;1973;เดอะพาโน;
140046;848;วิลโลวส์ แอท บางเสร่;
138724;440;ภาภิรมย์ พาร์ควิลล์;
138954;1098;สุชารี ไลฟ์;
138716;430;วี พร็อพเพอร์ตี้;
138726;437;เอ็กซ์เท็น คอนโดมิเนียม;
138531;1055;นีโอเฮ้าส์;
138707;431;กัลปพฤกษ์ เลควิว;
138654;340;เดอะ คิวบ์ พลัส มีนบุรี;
138720;438;เดอะ สปริงเพลส;
1517;542;ไอลีฟ พาร์ค วงแหวน-รังสิตคลอง 4;
7005;952;มายโฮม ซิลเวอร์เลค;
11973;629;ไพรเวท เนอวานา เรสซิเดนซ์;
9661;1809;เจริญกรุง เพลส;
7736;1738;ไบร์ท วงเวียนใหญ่;
11644;1419;รีสอร์ทต้า เย็นอากาศ;
1861;267;แอสปาย;
11572;890;"อิคอนเนเจอร์ ";
138985;1136;เพลิน เพลิน;
12136;975;นาราโฮม;
11972;1179;H-Cape Serene;
11686;755;เย็นสบายดี รัชดา 30;
20267;756;อาร์เค พาร์ค (วัชรพล-สายไหม);
138989;1566;เดอะ พรีเว่;
19766;1571;ดิ ยูนีค ลาดพร้าว 26;
17135;822;คอร์ทยาร์ดวิลล่า;
139552;711;โคราช บูเลอวาร์ด;
20022;1910;ธาราวาน่า;
138621;1375;สแตนด์อัพ คอนโด;
18695;936;นนทวีวิลล์ 5;
11826;1584;เดอะ นิว คอนเซปท์ พลู วิลล่า การ์เด้น วิว;
11935;479;;Trendy Tara
140065;2249;ศักดิ์สายธาร;
140094;1655;ซี ดับเบิ้ลยู โอเชี่ยนวิว คอนโดมิเนียม;
12512;409;;Golden Town
139556;1452;บริษัท คหการ จำกัด;
138234;1503;ซูเคร เขาใหญ่ ฟอเรสต้า;
138507;683;เปรมปรินทร์;
138853;1811;อัลติจูด;
139565;439;บ้านพีเอสโฮม เหล่านาดี 3;
138801;1481;"เครือเอกมงคลกรุ๊ป ";
138994;496;;The Perfect Hill
138746;1509;อาร์ทีมิส สุขุมวิท 77;
138327;1321;น้ำทองอเวนิว;
138236;695;บ้านชิดลม;
138231;797;กรีนมอนทนา;
138238;1669;ไวร์ รัชดา 19;
19383;786;เดอะ พริวิลเลจ;
138313;1099;ศรีตรังทาวน์ @ย่านตาขาว;
138036;1648;คราฟท์ เพลินจิต;
138980;1604;วีโน่ รัชดา 32;
139656;1639;วิลล่า พาร์ค;
138165;825;;CPN Ville
138122;666;วิลล่า บารานี;
138164;1163;เดอะ คอนเน็กซ์ชั่น;
138218;518;เดอะ มิราเคิล พลัส;
138174;679;บ้านบุญถาวร 5;
138283;945;บ้านสวนธนาวดี;
138280;1252;เดอะ พีส;
138293;1082;ดารียา วิลเลจ;
138150;843;เดอะ เวนิสพาร์ค;
138314;1107;วิลล่านาวา;
138125;1539;;The Castell Khao Kho
138252;761;เดอะริช;
138311;1097;บ้านเพิ่มสุข;
138492;1057;เลอตัน ทาวน์;
138261;1074;บ้านชนากาญจน์ 5;
138284;1949;แสนสุขทาวน์;
138463;1482;บริษัท เคออาร์เค บีช ดีเวลล๊อปเม้นท์ จำกัด;
138493;856;ที59 เวสต์เกต;
138382;708;เดอะ วีว่า อีโค่;
138285;703;นิบบาน่า จอย;
138461;700;ลำพูนฟลอริช;
138468;670;เซ็นทรัลพาร์ค;
139574;1134;เดอะ เฮาท์ โซลูชั่น;
139000;925;"แกรนด์ วิสดอม ";
138322;482;;Tada Town Curve
138485;1570;ออโรร่า เขาพระตำหนัก;
138387;1095;บ้าน ปณิตา;
138420;649;ร่มทิพย์ ปาร์ค;
2271;1656;เดอะ พอยท์ บ่อวิน;
10708;1619;ทรีบูทีค คอนโดมิเนียม @นิมมาน;
139617;1925;มงคลเลิศธานี 2;
1276;1828;แอร์พอร์ต โฮม คอนโดมิเนียม;
3203;805;บ้านธรรมชาติ;
3602;996;ปิยทรัพย์;
12493;2291;สิริธารา คอนโดมิเนียม;
14798;1550;พราว 3 คอนโดมิเนียม;
15653;1364;\tโซซิโอ ร่วมฤดี;
3438;1165;อันนา คอนโด;
14109;1611;เดอะ ซีรี่ส์ อุดมสุข 29;
3751;1351;ไวโอ แคราย 1;
5618;82;;Granada
16545;819;มายด์ ฮอฟฟ์ ร่มเกล้า;
4618;1630;แอ็บสแตร็กส์ พหลโยธิน พาร์ค;
6280;565;เดอะโมส มีนบุรี-สามวา;
7132;757;;Rasa Maxx Ville
20453;1475;บริษัท เค โฮม แอสเซท จำกัด;
139774;1746;บริษัท เอ-เวสท์ พร็อพเพอร์ตี้ จำกัด;
139613;799;เขาใหญ่ พาโนวิลล์;
20851;2123;เดอะ โคลเวอร์;
139538;2130;ฟาทรีโอ;
17143;1610;ละติจูด คอนโด;
138984;1130;ฟลอเลส;
139539;2135;เอช ลีฟวิ่ง สเปซ เครือสหพัฒน์-แหลมฉบัง;
139570;1116;แอทไลฟ์ เอ็กซ์คลูซีฟ;
139609;1302;ภูรินารา;
139558;1449;ดิ เอ็มไพร์ (สามแยกปัก);
139573;668;เจเจเลควิวปาร์ค;
139607;1429;แกรนด์มิราเคิล;
139740;710;กรีนฟิลด์วิลล่า;
138427;2152;บ้านพิชชา;
139625;723;เออเบิน นารา;
139770;725;แกรนด์ เซ็นทรัล พาร์ค;
139827;1510;ซี.ซี. คอนโดมิเนียม 2;
139614;1216;เดอะ โคโลเนียล;
139685;1548;เอสเซ็นท์ ขอนแก่น;
139632;611;อนินทาวน์ เทียนทะเล 7;
138599;1767;มิติ คอนโด;
139620;1133;เดอะ เฮ้าส์โอโซเนีย;
139846;1121;พรภิรมย์  สาย 11;
139590;1941;;The Scenery Park
138912;697;คลาสสิค การ์เด้น โฮม;
138706;1524;ณ วรา เรสซิเดนซ์;
139624;1479;บ้านภูดิศรา;
139540;1167;คูล;
139829;1990;;"Andromeda "
139507;606;ดิ เอลลิเมนท์ พระราม 9;
140009;796;เดอะ ลิฟวิ่ง;
140048;837;เพลินไพลิน แปลงยาว;
139795;1259;;Seven Seas Condo
140022;1678;เวเนเชี่ยน ซิกเนเจอร์ คอนโด รีสอร์ท พัทยา;
140020;1657;เดอะ วินเนอร์ คอนโด;
140300;614;"พนาสนธิ์ วิลล่า ";
140313;1381;แอบาทะเล คอนโดมิเนียม แอท จอมเทียน บีช;
140160;1056;อารีย์ วิลล์;
139533;804;เดอะ มาสเตอร์ @ BTS อุดมสุข;
139001;1020;เดอะ ฟลอรา;
20502;1385;;Porch Land Group Development
139514;576;ชีวารมย์ รังสิต-ดอนเมือง;
139535;1135;"โว้ค เพลส ";
138992;402;;Charm
138990;782;เดอะเบสท์;
139536;1417;โกรว รัตนาธิเบศร์;
139534;1801;ศาลายา คอนโด;
140175;2206;"อาร์ท ออน เดอะ บีช คอนโดมิเนียม ";
140191;1150;"เลอ บารอค ";
139633;942;เดอะ พาร์ค 2;
139730;1555;บ้านสวนธารา;
139693;1961;โอฮาน่า คอนโด;
140225;693;อมายา ฮิลล์;
139670;1502;ชิค คอนโด;
139676;1959;;Luxury Condominium
139683;2211;;El Cielo condo
139735;1984;;Green Park
139732;381;123 RESIDENCE;
139733;690;9999 วิลเลจ;
140216;418;บุญรักษาวิลล์ 2;
140235;2124;อีสเทิร์น วิลเลจ;
139729;774;บ้านสวนคูน;
139708;678;เดอะ ลีฟวิ่ง;
140199;954;;ZENTE
140244;1060;แอท นอร์ท;
140201;1190;บ้านใจสุข;
138422;1065;บ้านปวริศา;
139746;1709;คลับ ควอเตอร์ส คอนโดมิเนียม บางเสร่;
20521;77;กัสโต้ ทาวน์โฮม;
139747;1257;อาคาเดีย บีช รีสอร์ท;
138388;1423;บ้านพิมพฤกษา;
139807;681;บูรพาแลนด์;
139822;840;คุณกร;
139852;1168;ซี เอกมัย;
139797;1545;ซี แม็ค คอนโดมิเนียม;
16725;1080;เอ พลัส อินสไปร์;
139893;2212;ณิชาวิลล์;
139891;684;รัตนากร;
139904;1484;ภัทรา ไพร์ม;
139815;417;;Panya Complex
139847;919;พรีซีโอ พาร์ค อมตะซิตี้-บ่อวิน;
139877;1307;เลอมาน ธัญญะ;
139895;1608;เดอะ กรีนเนอรี่ คอนโด บ่อวิน;
139865;1124;พานาวิว 5;
139801;1353;บ้านอุไรสิริ;
139965;2245;ร่มเย็น 2 ปลวกแดง-วังตาผิน;
139931;1212;เดอะ เกรท ทาวน์;
139943;1703;เดอะ ทรี ทาวน์โฮม;
139798;1535;บริษัท ซี สราญ กรุ๊ป จำกัด;
139964;1220;;The Next Asset
16028;802;;WESTERN TOWN
13669;552;"สุชารี ";
5168;634;บ้านต้นไม้ ดอนเมือง;
139885;1391;ดิ โอเรียนท์ รีสอร์ท แอนด์ สปา;
139908;1378;มอนิงตั้น ฮิลล์;
139883;2009;เดอะปาล์ม พลาบีช;
140417;1586;เดอะ นิว คอนเซปท์ ออฟฟิศ พลัส;
140423;1143;ใจแก้วเอราวัณ;
10372;1818;ดีคอน ไพร์ม แอท รัตนาธิเบศร์;
8259;1748;เดอะ พรอพ คอนโดมิเนียม;
11149;995;ปัญฐิญา;
11515;469;;AQ SHADI
7835;944;สราญสิริ ติวานนท์;
8860;401;;"SPACE "
136142;689;เดอะพลีนารี่;
20850;1450;วินเซ็นโต้ เขาใหญ่;
140028;1616;เดอะ ไฮ ริเวอร์ พาร์ค;
140314;1668;โอเชี่ยน แปซิฟิค นาจอมเทียน;
140010;811;;The Lux Villa
139949;1556;เดอะ ซีเนต เรสซิเดนซ์ 2;
139972;2219;เดอะ พราว ระยอง;
140031;2246;ทริปเปิ้ล ทรี คอนโดมิเนียม;
139953;1493;บริษัท จี.เค แบงค์คอก จำกัด;
140050;1660;ศรีเทพไทย พาร์ค วิลล์;
139994;1180;รินรดา พาร์ค วิลล์;
139990;1787;เดอะ ริเวียร่า จอมเทียน;
139974;1435;เดอะ ไพน์ สุขุมวิท - แหลมฉบัง;
140360;1653;ดิ ไอดีล คอนโดมิเนียม หาดใหญ่;
6924;1464;ดีไซน์ คอนโด รัชดา 18;
16801;1222;เอสตาเบ พหลโยธิน 18;
19819;2295;บ้านปาริชาต;
20021;647;เดอะปาร์ค @ แฟชั่น;
21003;656;เบล็สทาวน์;
20280;776;ธัญญ วิลเลจ;
18581;2097;อาทิสาน รัชดา;
16740;616;พนาสนธิ์ วิลล่า;
666;1507;ไอ-เฮ้าส์ พระราม 9-เอกมัย;
139935;1971;;THE SHOP
6465;1053;นราวัลล์;
140125;1488;โครงการ แพลททินั่ม เพลส คอนโด 6;
13492;939;ไอฟีล บางนา;
16122;1377;โหมด สุขุมวิท 61;
16793;1370;สราญวิลล์ @ แฮปปี้แลนด์;
16624;1015;;The Extenso 2
10657;1595;พาร์ค อรัญ บูเลอวาร์ด;
13101;660;บ้านมนเทียรทิพย์;
12939;1462;บริษัท คิงดอม พร็อพเพอร์ตี้ จำกัด;
2895;222;23 องศา วิลล่า;
140473;1114;ไอ วิลเลจ;
8916;1483;เดอะ ไนน์ คอนโดมิเนียม 3;
19381;754;แอสเทรา เรสซิเดนซ์;
20118;1142;พิลโล่ 142;
6731;1774;วอเตอร์ฟอร์ด สุขุมวิท 50;
140247;1064;โอโซน ฮิลล์ พระตำหนัก;
140162;845;อีสเทิร์น พาร์ควิลล์;
9772;1094;ซีน คอนโด;
12579;745;พรไพลิน ธรธารา;
6719;589;ณ ราธร;
1392;1777;เดอะ ไลท์ นิวยอร์ค;
1955;1498;ดิ แอลโคฟ สุขุมวิท 49;
140569;2084;;dusitD2 Residence Hua Hin
19844;702;บ้านบุรีทาน่า;
140581;659;บ้านสุขนิเวศน์ 7;
140671;2072;;" Landmark Life ราชภัฏฯ"
140628;913;;THE RIVER
140580;1063;บ้านศรีสุข;
140565;1795;แดน ลิฟวิ่ง พระราม 9-แอร์พอร์ต ลิงก์;
5256;1511;เดอะ โมนาเวล เพชรเกษม 39;
19699;399;รัชฎากาญจน์;
140101;1966;นราศิริ 2;
3807;1919;เดอะ สปิริต;
140287;1857;วัน ทาวน์เวอร์ พระตำหนัก;
16749;1805;พรีเว่ บาย แสนสิริ;
137628;1784;สินธร เรสซิเดนซ์;
138685;1505;;Swan Lake Residence Khao Yai
7733;746;บ้านประภาทรัพย์;
2732;921;ซื่อตรง แกรนด์ วิลล์;
136922;909;เมโทรทาวน์;
137448;1147;ออคิด พาร์ค;
139802;1295;บ้านเอกสิริ;
138922;1907;;JRY Condominium
138714;461;เดอะน๊อตติ้ง ฮิลล์ มหาสารคาม;
17036;584;พรีเมี่ยม บางบัวทอง 340;
140413;1486;โครงการ เดอะยูนีค @ รวมโชค;
140530;1467;K.Riztown;
140459;1294;เดอะเดคโค่;
4549;915;เดอะ พาร์ค เลน;
140514;1105;พลินวิลล์;
140535;1303;;CHIC DISTRICT
19536;1826;สวิฟท์ คอนโด;
12595;1568;เดอะริช เพอร์เฟค ศรีราชา-สวนเสือ;
3944;1021;เดอะไพรเวท;
140537;577;เดอะ ซิมโฟนี่;
140351;345;;West Ville
14314;1824;เรสซิเดนซ์ 52 แอท บีทีเอส อ่อนนุช;
139767;1700;คอสตา วิลเลจ พลู เรสซิเด้นท์;
8998;1232;;The Posh
139703;1299;ธารารมย์ โคราช;
8559;567;;Baan Sathaporn
140552;1651;ดิออสการ์ คอนโด เพชรเกษม 58;
140589;1699;มิราจ สุขุมวิท 27;
140592;574;เดอะ ชานซ์ บรมราชชนนี-สาย 5;
20341;1859;เดอะมิวส์โฮม;
140595;1776;วิแวนเต้ คอนโด แอท สวนหลวง;
140594;1712;เมซอง การ์เด้น;
6840;2;บ้านฟ้าปิยรมย์เทอร์เร่;
140568;792;ศักยะ 146 เอกมัย;
20234;857;กรีนิช รามอินทรา;
140511;773;กรรัฐ;
138172;686;บ้านศักดิ์ทิพย์;
139778;841;คริสตัลทาวน์;
137633;842;เดอะ แกรนด์ ธนาพร;
568;1723;ควาโซ สุขุมวิท 5;
9845;1025;หมู่บ้านธาราปุระ ศรีราชา เฟส 2;
140315;1262;โอเชี่ยน เกท;
138900;1497;โมนีค สุขุมวิท 64;
19792;1591;เวลล์ ไลฟ์ รังสิต;
140439;1695;วิลล่า มีสุข เรสซิเดนท์เซส;
140441;2285;ซีรีนพาร์ค;
140549;1756;เดอะ จีอีโอ การ์ดิน คอนโดมิเนียม;
140540;787;เดอะ ไพร์ม;
16591;836;ปัญฐิญา;
20284;1230;B Style;
140436;1181;เดอะ แซงค์ทั่ม เชียงใหม่;
140533;1091;บ้านนับดาว 4;
140553;593;เดอะฟอร์จูน;
140428;2115;เดอะ วีดี้ คอนโดมิเนียม;
138640;2218;เดอะ แลนด์สเคป;
140330;1922;โมโน;
138722;1905;G9 Condo;
139897;1382;พาราไดซ์ โอเชียน วิว;
10563;1283;;The Iyara Grande
11191;1530;ไลบรารี่ เฮ้าซ์;
139690;1960;;The S block condominium
140750;1408;เพอร์เฟค โซน รังสิต คลอง 3;
1836;967;บ้านธัญญาภิรมย์;
140706;1276;บ้านศิริชัย วังสารภี 4;
140612;519;เบตต้าเฮ้าส์ โนนทัน 9;
12683;618;พนาสนธิ์ วิลล่า;
17155;1546;เดอะเนสท์ เพลินจิต;
139811;1131;บุษบา วิลล์;
139739;709;กรีนเนอรี่ ทาวน์;
140637;1047;วิลล่า นารา;
138002;706;โมโน ทาวน์;
140711;1272;;Idea House
14848;578;เซอเรโน่ บาย โบนันซ่า;
139671;1983;;Di Classe Condominium
136679;1869;บ้านสวนกลางดง;
11343;673;ปรัชญา บิซโฮม;
9656;959;โฮมเพลส เดอะพาร์ค;
140596;1775;วี คอนโด;
11277;1051;แฮปปี้ โฮม;
11066;177;ซีนเนอรี่;
140531;580;โคเต้ เมซอง – พระราม 3;
9188;1564;ที-วัน พหลโยธิน 32;
140472;694;เซลลินี;
20909;1721;แมกโนเลียส์ ราชดำริ บูเลอวาร์ด;
17006;1693;โฟคัส เพลินจิต;
20367;1223;เอมเมอรัลด์ เรสซิเดนท์ รัชดา;
134727;1590;เดอะวันพลัส @ศรีนครินทร์ (โครงการ 2);
17094;1442;เดอะ ดิโพลแมท 39;
134709;378;โพลี เพลส คอนโด แอท พหลโยธิน 23;
5736;795;ออทั่ม เรสซิเด้นซ์;
1438;1235;ซี สเปซ บางใหญ่;
11450;1540;ทาวน์ สุขุมวิท 71;
11623;545;"ไอลีฟ ทาวน์ ";
11374;1170;;Thana Arcadia
1970;712;กาญจน์กนกวิลล์;
11077;615;ภัทรโมทาวน์ (Pattra Mo Town);
16723;1238;ปภาวรินท์ ไลฟ์ อัพ;
140545;1792;ซิงค์ เนเจอร์ สยาม;
12018;1492;แซฟวี่ คอนโดมิเนียม;
140513;1676;สมโภชน์แลนด์;
140526;1108;บ้านเวียงนารา;
140669;1310;มาลานันท์;
140685;1249;เดอะ เฟิร์ส แอซเซ็ท คอนโดมิเนียม;
140910;2010;;The Urban Reserve
16738;917;วิสต้า วิลล์;
140564;1569;เวรี่ สุขุมวิท 72 เฟส 2;
140816;1865;หนองคาย วิลล่า;
4552;490;ดาริน บายพาสชลบุรี - บ้านสวนซอย 11;
140681;1248;บ้านสมาพันธ์ ไพรเวทพาร์ค 3;
9759;850;สิวารัตน์;
140695;2209;มายโอโซน;
7859;1169;เวลาดี;
140582;1970;สุขนิเวศน์ 10;
135813;2301;บ้านธนกฤษณ์;
140817;1860;นราเฮ้าส์ พหลโยธิน;
140691;1779;ไดมอนด์ วิลล์;
14062;1002;บ้านบดินทร;
140665;1164;;Cozii By Viida Ville
140613;534;;Seadream Condo
140692;1250;;The Lux Condominium
20756;1407;อาร์เอ็นพี เพลส รามอินทรา;
140626;914;บ้านสาริน;
140926;2040;เดอะพีค @ เขาค้อ;
140936;2057;บ้านณัฏอาภา พะเยา;
20862;1687;เดลมาเร่ บางเสร่ บีชฟรอนท์;
16123;1750;ลิฟ แอท 49;
138983;1146;เดอะ รีโว;
140724;1285;บ้านกรองเงิน;
140928;2039;เดอะ ริช กาญจน์;
140906;2003;บ้านธนวัฒน์ 2;
12766;740;;PALM SPRINGS NIMMAN
5325;1722;ดาวน์ทาวน์ 49;
20424;691;อมันตาวิลเลจ;
140923;2031;;Casa ราชดำเนิน
140924;2037;;Gen Condo
140774;1597;เดอะเบสท์ทาวน์โฮม เกษมราษฎร์;
8399;994;พนาสนธิ์การ์เด้นโฮม;
9100;355;;Golden Town
140775;1600;เดอะ นีโอ บาย วีรดา;
12031;380;คอนโด ยู;
140435;2119;บ้านแสนสบาย 3;
140575;878;โนวาลักซ์;
139562;1089;บ้านถิ่นไทดี;
18170;920;"ประชาสิริ ";
140934;2049;;Siranya Bluhill
140925;2038;;Casa one
140919;2026;ธีรินทร์พาร์ค จรัญฯ 13-กาญจนาภิเษก;
140920;2032;ธาราวิลล์;
140917;2021;;Viia 7
16773;1879;วี คอนโด;
1136;2283;เดอะสปริงคอนโด;
1620;2006;เฮอริเทจ เดอะแซนด์ เฟส 2;
136369;930;บ้านเบญญาภา ปลวกแดง;
8441;752;อิมพิเรียล ลากูนา;
20116;1316;บ้านอยู่สราญ;
2497;788;เดอะมันนี่ คลองสี่วา;
140293;1652;วี.เอ็น. เรสซิเด้นซ์ 3;
140479;1582;ศรีธานี;
140487;1103;บ้านอิศรา อุดร-หนองสำโรง;
7869;905;พฤกษาพรรณ;
140547;1690;เซอร์เคิล สุขุมวิท 31;
5954;931;ธีรินทร์พาร์ค;
140369;1578;โมด้า คอนโด;
7031;966;ประชาสุข เลคแอนด์มอลล์;
140571;1581;นว ลิฟวิ่ง แอท นวมินทร์ 75;
140914;2017;;Modern Condo
140550;1667;เดอะ เซอร์คอน เรสสิเด้นซ์;
140918;2025;บีโฮม;
139981;2126;เดอะ โมเดิร์น ทาวน์;
140755;1418;บ้านแสนสราญ;
140570;877;T-Biz home at Talat Phlu;
140922;2033;บ้านร้อยจันทร์ เนสท์;
140627;912;ดิ เอสเตท ชลบุรี;
140938;2056;เค อเวนิว;
140739;1359;หรรษนันท์ ทะเลแก้ว;
140572;1457;" พาร์ค เรสซิเดนซ์ แอท พหล 67";
139912;408;;The Zea
140723;1284;เดอะแลนด์มาร์ค;
140652;1100;ศิรดาแกรด์ วิลล์ สงขลา;
140732;1326;บ้านนัฐนันต์;
140035;1401;" วนาริน สุขุมวิท-กรอกยายชา";
140663;1149;;DOUBLE 1 TOWNHOME
140563;1739;ริล คอนโด;
140588;1901;โฟร์ซีซั่นส์ ไพรเวท เรสซิเด้นซ์;
140579;1641;บริษัท บ้านวิรัลพัชร จำกัด;
140702;1278;สุขถาวร โครงการ 2 (น้ำคอก-บ้านค่าย);
140734;1333;แมกซ์ซี่ รัชโยธิน-พหลฯ 34;
140735;1350;ภัทรินทร์ 2 รามอินทรา-หทัยราษฎร์;
140593;1708;มีสินดี อพาร์ทเม้นท์ คอนโด;
135146;2105;;The Loft Galleria Phahonyothin-Lumlukka Klong 3
140666;1174;บ้านนวัต;
138129;1646;เดอะ เพเซอร์ พัทยา;
140614;908;บ้านอยู่สบาย;
140591;320;วิลล่า เอเชียติค;
138988;1580;ทีซี กรีน;
140623;910;บ้านภัคภิรมย์ 4 THE RICH;
140321;750;วิชั่น สมาร์ทไลฟ์;
140621;1967;;Sky Line
138703;2164;ริชโซ คอนโด;
140672;1470;บ้านรินทอง ท่าแขก;
140947;2073;เอเทรีย อารีย์-อินทามระ;
140738;1360;บ้านมณฑาทอง;
140769;1508;;Newedge StudioHouse
140814;1850;;The Marina Condominium I
283;868;กานต์ศิริ รามอินทรา;
140744;1394;;Jin Wellbeing County
140694;1253;นันท์นิชา วิลเลจ;
5942;991;ไทคูน ออฟฟิเซีย;
140633;949;;Altitude Prove
140632;946;บ้านเจียระไน;
140701;1266;ประจวบศิริ ไลฟ์;
140698;1265;ศิริทรัพย์ 1 ห้วยวังนอง;
140664;1762;;Nara Grand
140598;1093;อัสสกาญจน์;
16791;1554;ไทดี้ ดีลักซ์ คอนโดมิเนียม แอท สุขุมวิท 34;
140700;1269;บ้านชีวา 2 ราชบุรี;
140818;1862;ชาลิสา เพลส;
140749;1405;บ้านวังวารี;
1216;2287;เดอะพรอมิเน้นซ์;
140518;532;เดอะ วิลล์;
140719;1289;;Baan View Suan
12139;2284;ไวซ์ ซิกเนเจอร์;
140777;1607;บ้านอารียา สกลนคร;
6304;579;การ์เด้น วิลล่า เดอะ ฟิฟท์ (รังสิต-คลอง 3);
139769;1480;บริษัท เคปทาวน์ ศรีราชา จำกัด;
140705;1273;บ้านปัญญทร ราชบุรี;
137634;1305;ลิสส์ รัชโยธิน;
139799;1537;" ซี แอนด์ สกาย คอนโดบางเสร่";
138710;435;เลค นครา;
138927;400;;ฺBaan Chayada
138168;1842;;The Port Suksawat
140620;2023;;Keen Center Sriracha
140726;1293;;Cozy House
140761;1432;บ้านพชรพล ลำปาง;
140730;1320;เศรษฐี วิลล่า สนามบินน้ำ;
140718;1290;กรีนวิลล์ 2;
140486;1420;บ้านหรรษา;
140357;1536;ดิ แอททรีบิวท์ หาดใหญ่;
140948;2074;เดอะ พาวิลล่า ไพรเวท เรสซิเดนซ์ กาญจนาภิเษก-บางบอน 3;
139701;687;เดอะซีนเนอร์รี่;
140956;2100;เดอะเชนจ์ รีแลกซ์ คอนโด;
140186;904;บ้านร่มไม้ 3 มาบยางพร;
140960;2110;168 สุขุมวิท 36;
140955;2099;;"KALM Penthouse "
140168;1126;แอทเฮาส์ ทาวน์พลัส;
9385;1766;บ้านปรารถนา พาวิลเลี่ยน;
140630;924;อาณาสรา;
15177;655;ภูมิชนก;
16812;1526;ทิว ริเวอร์ เพลส;
140618;880;;Serio
140776;1605;เอ พลัส กรีนโฮม;
140684;2150;บ้านวโรรส;
140821;1864;วิเศษสิริ 2 สมุทรสาคร;
140824;1867;ชลพฤกษ์ พาร์ควิลล์;
140678;1239;พราโด้;
140688;1264;บ้านภูมิสรา;
20760;816;เดอะ เทอมินอล สุวรรณภูมิ;
140822;1866;เนเทอร์ร่า พาร์ค;
140856;1916;เดอะเบย์ สกายคลิฟฟ์;
138881;2108;มี ทู - กบินทร์บุรี;
140722;2028;โมเดิร์นทาวน์ อ้อมค่าย;
138623;1772;วีธารา 36;
140828;1874;เดอะเฟิร์ส;
141032;2244;นิช ไพรด์ เตาปูน-อินเตอร์เชนจ์;
140784;1697;คุณาภัทร พาร์ค;
140813;1851;ไพร์ม สแควร์ อุดรธานี;
15679;1757;มายรีสอร์ท หัวหิน;
140788;1730;;The Ratcha Rama 5
141029;2242;อาร์ติซาน รัชดา;
140798;1830;ปุณธารีย์สวนตูล;
140786;1711;ซิตี้ลิ้งค์;
140509;1707;บ้านภูปลายฟ้า;
140807;1848;;" Bristol Park"
140789;1734;ซายน์ สุขุมวิท 50;
140801;1995;กรีน ปาร์ควิลล์ สงขลา;
140811;1849;;The Touch House
140767;1499;บ้านสิริน นารา;
140717;1531;;The Living Naraya 2
140740;1403;เดอะ กรอสเวินเนอร์;
140677;1962;ศุภลักษณ์ซิตี้;
140762;1441;สาทร;
140779;1638;วิคตอเรีย เลควิว คอนโดมิเนียม;
140793;1810;u dee condo;
140796;1831;เดอะ แกรนด์ วังหงส์;
140780;1643;;Urban Myx
140804;1843;;CUBIC2 by Siratnicha
140516;1345;บ้านมะลิวัลย์ ขอนแก่น;
20357;1412;นารา ดีไลท์ โฮมทาวน์;
140829;1875;X2 Pattaya Oceanphere;
140495;1834;สิทธารมย์ พาร์คไลฟ์;
140802;1836;วอร่า ทาวน์;
140625;901;D MARK;
140603;331;;The Valerie
140601;1072;"เอช ทู โกล์ว ";
140852;1896;ฟูลริช ลีฟวิ่ง;
140837;1878;พรีมิโอ ควินโต;
140907;2004;พาร์ค วิลเลจ;
140768;1529;สกลเมืองเอก - ศรีวิชา;
139753;682;บ้านสิริศา 16;
140729;1317;บ้านปาริสรณ์;
140974;2143;ห้วยมงคล เมืองใหม่;
140760;1428;เดอะลีฟ บาย ดรีมแลนด์;
140359;1472;ภูเก็ตโกลเด้นวิลล์;
140778;1636;;The Next
140958;2107;;VERY III
138995;1111;;Quinn Condo
139541;2013;เดอะ คริสตัล;
139715;1683;กรีน แคสเคด บางเสร่;
140927;2041;เดอะ ไพร์ม @ บ้านบึง;
18909;405;เดอะ บาลานซ์;
140962;2220;;The Rich Rayong
140946;2069;คูเปอร์สยาม;
140954;2092;;Banyan Tree Residences Riverside Bangkok
140170;1209;โอโซน วิลล่า;
140968;2131;พิลโล่ 142;
140696;1260;;The Cozy Town
9368;717;กุญชร์สิริ;
139548;1981;;The Isis Condo Khonkaen
140826;1872;นีเวร่า คอนโด;
140942;2061;กาญจน์สิริ พายัพ (เชียงใหม่);
140941;2059;เดอะ เลค แกรนด์ วิลเลจ;
140200;613;บ้านงามเจริญ 9 พาร์ค อเวนิว;
140943;2062;เดอะ ชีวา แซงทัวรี;
140944;2063;เดอะ คลิฟฟอร์ด;
140843;2302;นอร์เดนบาร์น ฮาบิต้า แม่โจ้;
140848;1895;วี วิลเลต;
140963;2112;ราชาวดี พิษณุโลก;
140585;1808;เพิ่มสินทรัพย์ บูทีค (เฟส 1);
139567;1856;เดอะมิวส์ ท่าอ่าง-ด่านเกวียน;
140950;2081;;Mantra Beach Condo
140951;2083;วีคอนโด ศาลายา;
140945;2064;;Unio
140965;2116;บ้านภภัสสร ท่าทอง;
139752;1684;บ้านสิริน พัทยา;
140825;1870;เซอเลส อโศก;
140820;1863;ภูดาหลา เรสสิเด๊นเซส;
140827;1873;ภัททา ไพร์ม;
141051;2266;เดอะ เวลลิงตัน ทาวน์โฮม ศรีนครินทร์;
140759;1426;บ้านรักษ์ ลําปาง;
140517;1538;โมเดิร์น เพลส สัตหีบ;
140791;1741;สวนบัว เรสซิเดนซ์;
140566;1445;ทราเพโซ สุขุมวิท 16;
140764;1447;เซเว่น ซี คอนโด รีสอร์ท ภูเก็ต;
140971;2137;ธนดารา การ์เด้นท์โฮม มวกเหล็ก-สระบุรี;
140967;2122;ดิ ออร่า;
140970;2133;นิราวิลล์ แคร์ไลฟ์;
140559;1373;เดอะ พอร์ทเทรท พระราม 4-สุขุมวิท 38;
140903;2002;บ้านศิริทรัพย์;
140912;2012;วิสดอม กรีนทาวน์;
140853;1903;ทรัพย์ทวี วิลเลจ;
140930;2043;Y RESIDENCE;
140932;2046;;Icon Park Condominium
140851;1897;เดอะ ไพรเวท กาญจนาภิเษก;
140859;1921;ชิค คอนโด กะรน;
140850;1898;บ้านกันสิริ ปลวกแดง;
140931;2044;บ้านสามออ;
140921;2030;;Arun Home
140854;1906;รอยัลลี เดอะ เทอมินอล ภูเก็ต;
140833;1877;ร๊อคโค;
138312;1090;บ้านทวีทรัพย์;
140973;2142;เพียงวิมาน;
140631;947;;Baan Puri Puri
140815;1852;;The win condominium
140707;1277;กาญธารา เรสซิเด้นซ์;
140770;1517;เดอะเม้าท์เท้น เขาตาโล;
140799;2261;พฤกษาวิลล์ ปัตตานี;
140771;1957;พาร์ค เรสซิเดนซ์ แอท พหล 67;
140773;1542;;KP LIVING
141021;2229;อเมซอน เรสซิเด้นซ์;
140352;1067;ฮาร์โมนี โฮม;
10724;955;;Venice Di IRIS
140721;1288;บ้านเกนวิลล์;
140673;1215;เอริก้า วิลล์;
140981;2157;เดอะ แชมเบอรี่;
140606;335;T SPACE / ร.8 - มหาวิทยาลัยขอนแก่น;
140879;1946;บ้านฉัตรหลวง;
140609;1908;รูเนะสุ ทองหล่อ 5;
140605;334;;FAIRFORD
140872;1932;ซันทารา คอนโดมิเนียม;
140610;416;;Amust
140874;1937;บ้านไออุ่น;
140608;1686;เมลานี แบงคอก;
140891;1976;;Ezio
140881;1956;เดอะชารีน่า;
140890;1975;บ้านบารมี;
140880;1952;;Loft Lane Lasalle
140899;1992;วีรดา กำแพงเพชร;
140883;1965;;Feel Condo Ladprao 33
140900;1994;แอมไชน่าทาวน์;
140894;1982;;THE SENSE Amphawa
140875;1934;บ้านพิมพ์ศิริ สุพรรณ;
140607;337;;BEST HOME
140902;1998;ไฟคัส เลน;
140904;2007;เดอะมอนิ่งไซด์วิลล์;
140868;1929;เดอะริชทาวน์ 3;
140860;1923;ภูเก็ตโกลเด้นวิลล์;
140878;1945;เดอะเฟลกซ์ ทาวน์โฮม;
140892;1977;ภัทราโคซี่;
140901;1997;อชิลา;
140554;638;เดอะ เลเจ้นท์ สาทร;
140905;2005;วนารมย์ วิลเลจ;
141022;2230;บียอนด์ บาย สายลมเย็น;
